epoch,min_cosine_distance,avg_cosine_distance,max_cosine_distance,median_cosine_distance,min_cosine_similarity,avg_cosine_similarity,max_cosine_similarity,median_cosine_similarity
0,0.00015131913840549238,0.0009156706263923613,0.0033948846292757295,0.0008141322856182187,0.9966051153707243,0.9990843293736077,0.9998486808615945,0.9991858677143818
1,0.028659431906298827,0.07704994864616978,0.3448668731704242,0.06987143341308977,0.6551331268295758,0.9229500513538302,0.9713405680937012,0.9301285665869102
2,0.02353837960481775,0.05808819425584268,0.1701544388623697,0.05461241330632882,0.8298455611376303,0.9419118057441573,0.9764616203951823,0.9453875866936712
3,0.07805736557816756,0.1908584460008082,0.38503195209217433,0.18510431395392135,0.6149680479078257,0.8091415539991917,0.9219426344218324,0.8148956860460786
4,0.033068892003582095,0.08859330851995718,0.36538776034182496,0.07997291860589861,0.634612239658175,0.9114066914800428,0.9669311079964179,0.9200270813941014
5,0.017135004552383704,0.07074731392873564,0.31776765652014494,0.05969444119274703,0.6822323434798551,0.9292526860712643,0.9828649954476163,0.940305558807253
6,0.05622168928314164,0.11108253362373377,0.30607922596051795,0.1065570592711782,0.693920774039482,0.8889174663762662,0.9437783107168584,0.8934429407288218
7,0.1335607528289443,0.3122348556869502,0.6838130258615085,0.2974055095327325,0.3161869741384915,0.6877651443130498,0.8664392471710557,0.7025944904672675
8,0.06845027504150836,0.13524496267835348,0.30783841363198927,0.13162991286108117,0.6921615863680107,0.8647550373216465,0.9315497249584916,0.8683700871389188
9,0.023832753188592348,0.09943281044334241,0.5948760361196812,0.07901883081330996,0.4051239638803188,0.9005671895566576,0.9761672468114077,0.92098116918669
10,0.028118133057165928,0.14009353817408216,0.5523247652684845,0.12388994600572789,0.4476752347315155,0.8599064618259178,0.9718818669428341,0.8761100539942721
11,0.08732765977274104,0.2724788863843677,0.8187459827986068,0.25868495371593736,0.18125401720139322,0.7275211136156323,0.912672340227259,0.7413150462840626
12,0.11851461341311986,0.2914740919789647,0.7900510014420733,0.2782815667579319,0.2099489985579267,0.7085259080210353,0.8814853865868801,0.7217184332420681
13,0.11370722207658956,0.23481711399340985,0.4872220759848568,0.2264602738960556,0.5127779240151432,0.7651828860065901,0.8862927779234104,0.7735397261039444
14,0.028407938781894848,0.1768489643851734,0.622339210138212,0.15278740286151604,0.37766078986178797,0.8231510356148266,0.9715920612181052,0.847212597138484
15,0.13582624955263145,0.32111023831527485,0.694806591116442,0.31385045996141725,0.30519340888355795,0.6788897616847251,0.8641737504473685,0.6861495400385828
16,0.05459619759311041,0.10212851080035794,0.20267401617527359,0.09998066101265479,0.7973259838247264,0.8978714891996421,0.9454038024068896,0.9000193389873452
17,0.0010264210283079667,0.0042433893851640805,0.016955590079773097,0.00386106370355066,0.9830444099202269,0.9957566106148359,0.998973578971692,0.9961389362964493
18,0.020514492991783095,0.11921207536925438,0.4474044264761581,0.10086682648865919,0.5525955735238419,0.8807879246307456,0.9794855070082169,0.8991331735113408
19,0.15464586759955445,0.3151102557220472,0.7205771332484452,0.3053937461637517,0.2794228667515548,0.6848897442779528,0.8453541324004455,0.6946062538362483
20,0.2551878146573774,0.49268114884898817,0.9095892572866895,0.4812872343948753,0.09041074271331051,0.5073188511510118,0.7448121853426226,0.5187127656051247
21,0.07864295480747718,0.17165227030941155,0.40223314202020555,0.1624653882633137,0.5977668579797945,0.8283477296905885,0.9213570451925228,0.8375346117366863
22,0.05545228108321998,0.09740130722342417,0.23393611117455404,0.09341737750634793,0.766063888825446,0.9025986927765758,0.94454771891678,0.9065826224936521
23,0.13215596333772794,0.23796931106280897,0.47180201948247735,0.2314280392218715,0.5281979805175226,0.7620306889371911,0.8678440366622721,0.7685719607781285
24,0.11480861720165647,0.21044018982734883,0.3801666917474037,0.2066582067164796,0.6198333082525963,0.7895598101726512,0.8851913827983435,0.7933417932835204
25,0.05423852188753053,0.24292832947603982,0.7550438869072007,0.22287396264038717,0.2449561130927993,0.7570716705239602,0.9457614781124695,0.7771260373596128
26,0.15248690715884805,0.28751444425369815,0.5852515622513026,0.27826301162086,0.4147484377486974,0.7124855557463019,0.847513092841152,0.72173698837914
27,0.10372411632991574,0.1903011421207789,0.3629631258519309,0.18684074041278786,0.6370368741480691,0.8096988578792211,0.8962758836700843,0.8131592595872121
28,0.09453930213674022,0.17579575614278392,0.3000805342927064,0.17360243716658907,0.6999194657072936,0.8242042438572161,0.9054606978632598,0.8263975628334109
29,0.17306426262797492,0.3009230005519657,0.5720639109519203,0.29420531207993217,0.42793608904807967,0.6990769994480344,0.8269357373720251,0.7057946879200678
30,0.100263371831248,0.1922652260404789,0.3631019345288271,0.1870192436997553,0.6368980654711729,0.8077347739595211,0.899736628168752,0.8129807563002447
31,0.24755923319717632,0.42094534034886877,0.7185457387243307,0.41364026404725585,0.2814542612756693,0.5790546596511312,0.7524407668028237,0.5863597359527442
32,0.1024363390167925,0.1756853063134631,0.3417346865559804,0.16981408392455233,0.6582653134440196,0.8243146936865369,0.8975636609832075,0.8301859160754477
33,0.15879150020333566,0.3114753142276785,0.6202030459350644,0.3049523127036302,0.37979695406493563,0.6885246857723215,0.8412084997966643,0.6950476872963698
34,0.08658464765447493,0.16092870581338742,0.33096470488968344,0.15624341707975342,0.6690352951103166,0.8390712941866125,0.9134153523455251,0.8437565829202466
35,0.16689065226004396,0.32679931936270484,0.5717211590026987,0.32443478922032243,0.4282788409973013,0.6732006806372952,0.833109347739956,0.6755652107796776
36,0.1794562975501317,0.34191860830792364,0.6452649742489616,0.33838307724628913,0.35473502575103844,0.6580813916920764,0.8205437024498683,0.6616169227537109
37,0.16986278732568483,0.3381868415883444,0.7268181147102015,0.33059506705764397,0.2731818852897985,0.6618131584116556,0.8301372126743152,0.669404932942356
38,0.08526614121729859,0.1632602665950932,0.32325088543796576,0.1596580679020796,0.6767491145620342,0.8367397334049068,0.9147338587827014,0.8403419320979204
39,0.09490481064303913,0.17612713368362284,0.36157103229302257,0.1723714191527289,0.6384289677069774,0.8238728663163771,0.9050951893569609,0.8276285808472711
40,0.07711527619692637,0.1430461205284752,0.26318312825442036,0.1400773694826265,0.7368168717455796,0.8569538794715248,0.9228847238030736,0.8599226305173735
41,0.10211603913471423,0.16843069021972654,0.29501971094397106,0.16514276603287004,0.7049802890560289,0.8315693097802734,0.8978839608652858,0.83485723396713
42,0.14951464325719888,0.2681105407839168,0.4587857935580991,0.26299662803043167,0.5412142064419009,0.7318894592160832,0.8504853567428011,0.7370033719695683
43,0.18496884574406036,0.30459997509409864,0.5068525038104577,0.3005011250391115,0.49314749618954234,0.6954000249059014,0.8150311542559396,0.6994988749608885
44,0.08016225506582397,0.14056983573912693,0.24798850251750482,0.13730644936875935,0.7520114974824952,0.859430164260873,0.919837744934176,0.8626935506312406
45,0.11782818296983699,0.20590538474470832,0.3653826350451572,0.20211330470398603,0.6346173649548428,0.7940946152552917,0.882171817030163,0.797886695296014
46,0.19473025319893456,0.34128297732940716,0.5640351437374913,0.3391976780807705,0.4359648562625087,0.6587170226705928,0.8052697468010654,0.6608023219192295
47,0.1266683047994802,0.2402990039492198,0.4923725003854952,0.23285093266751522,0.5076274996145048,0.7597009960507802,0.8733316952005198,0.7671490673324848
48,0.23097559537280954,0.4565216746173731,0.790096813999681,0.45162348262366947,0.209903186000319,0.543478325382627,0.7690244046271905,0.5483765173763305
49,0.27932118670432216,0.5555888640611023,0.8854802591471117,0.5510901955427042,0.1145197408528883,0.4444111359388977,0.7206788132956778,0.4489098044572958
50,0.1858487233160071,0.30418065100324493,0.5829405334447479,0.2970103283528087,0.41705946655525206,0.695819348996755,0.8141512766839929,0.7029896716471913
51,0.19914088288507525,0.3471230618969677,0.6043993083525334,0.3401626881211862,0.3956006916474666,0.6528769381030324,0.8008591171149247,0.6598373118788138
52,0.06341581296368715,0.10565805749419256,0.19801297284315134,0.10249244840177163,0.8019870271568487,0.8943419425058075,0.9365841870363129,0.8975075515982284
53,0.1274720155267307,0.26004569907182556,0.4831639435929439,0.2563136875793218,0.5168360564070561,0.7399543009281744,0.8725279844732693,0.7436863124206782
54,0.2695520446187565,0.5032579763821311,0.8314981572406669,0.49883338269951083,0.1685018427593331,0.4967420236178689,0.7304479553812435,0.5011666173004892
55,0.24929268148462524,0.40103883870452556,0.6670769730591206,0.3952227101291189,0.3329230269408794,0.5989611612954744,0.7507073185153748,0.6047772898708811
56,0.3135461076360373,0.5166671360165546,0.8309237178239665,0.5091087367288465,0.16907628217603354,0.48333286398344544,0.6864538923639627,0.4908912632711535
57,0.15158934376873678,0.2703602030807439,0.48502834071993517,0.26151613098527127,0.5149716592800648,0.7296397969192561,0.8484106562312632,0.7384838690147287
58,0.22259497931244798,0.41542403445240483,0.6825927351319989,0.41044750179464506,0.3174072648680011,0.5845759655475952,0.777405020687552,0.5895524982053549
59,0.14151910522560285,0.25639823780360205,0.4643710524281843,0.25329810630298444,0.5356289475718157,0.743601762196398,0.8584808947743972,0.7467018936970156
60,0.14021350503612728,0.2780981836209271,0.5287821451264612,0.2736625062257443,0.47121785487353884,0.7219018163790729,0.8597864949638727,0.7263374937742557
61,0.3008881639904487,0.5331708435445903,0.8946394587256606,0.5268042129144572,0.10536054127433936,0.4668291564554097,0.6991118360095513,0.4731957870855428
62,0.06971363157988009,0.12119192743737739,0.23879329551228812,0.11823307858151388,0.7612067044877119,0.8788080725626226,0.9302863684201199,0.8817669214184861
63,0.38746899511160837,0.6659694659308366,1.0682296165788514,0.6599800404913357,-0.0682296165788514,0.3340305340691634,0.6125310048883916,0.34001995950866426
64,0.1938113289416301,0.3534663677962488,0.595163360326145,0.34695217881122853,0.40483663967385497,0.6465336322037512,0.8061886710583699,0.6530478211887715
65,0.18392074504058953,0.31896457686058466,0.5648433864338273,0.31386536566935497,0.43515661356617275,0.6810354231394153,0.8160792549594105,0.686134634330645
66,0.23194141277040992,0.49115128287778925,0.8729949401864083,0.48477266004059183,0.12700505981359167,0.5088487171222107,0.7680585872295901,0.5152273399594082
67,0.1444973294141514,0.2663404304474845,0.47271792218638,0.2618045895878416,0.52728207781362,0.7336595695525154,0.8555026705858486,0.7381954104121584
68,0.08475608130234791,0.16160470706789493,0.3579817934940952,0.1571979186418586,0.6420182065059048,0.838395292932105,0.9152439186976521,0.8428020813581414
69,0.19619924040386005,0.3936339616973685,0.7708979877417284,0.3832240054321484,0.22910201225827165,0.6063660383026315,0.80380075959614,0.6167759945678516
70,0.1362926981424849,0.2382379427794017,0.45596111210552026,0.23259786891059286,0.5440388878944797,0.7617620572205983,0.8637073018575151,0.7674021310894071
71,0.15369922780888567,0.25423857346114126,0.390002675617389,0.2514228536463594,0.609997324382611,0.7457614265388588,0.8463007721911143,0.7485771463536406
72,0.31129332610910976,0.5745418791891419,0.9630286867202277,0.5663891077477229,0.03697131327977232,0.4254581208108581,0.6887066738908902,0.4336108922522771
73,0.2161965159322322,0.3804679936288456,0.6990009793134873,0.3703454484645988,0.30099902068651274,0.6195320063711545,0.7838034840677678,0.6296545515354012
74,0.15559837797149645,0.27353630699059517,0.497641759159447,0.2675297338547702,0.502358240840553,0.7264636930094048,0.8444016220285036,0.7324702661452298
75,0.1648994862984935,0.3106126316004099,0.6704182440723072,0.3020648520594865,0.3295817559276928,0.6893873683995901,0.8351005137015065,0.6979351479405135
76,0.13759227473140778,0.22294910881241983,0.4330343579478966,0.2189804405311223,0.5669656420521034,0.7770508911875802,0.8624077252685922,0.7810195594688777
77,0.19530686683949317,0.34326547237963356,0.5837361892060651,0.3371363748176678,0.41626381079393493,0.6567345276203664,0.8046931331605068,0.6628636251823322
78,0.14373752953683716,0.28589364498547265,0.5089669789891839,0.2821247116920137,0.49103302101081614,0.7141063550145273,0.8562624704631628,0.7178752883079863
79,0.16664888543406664,0.29085598443112604,0.5155281942621232,0.28705882616217926,0.48447180573787685,0.709144015568874,0.8333511145659334,0.7129411738378207
80,0.2092246680653096,0.34603995920386393,0.6388786690827513,0.34126786950693966,0.36112133091724874,0.6539600407961361,0.7907753319346904,0.6587321304930603
81,0.08693851180258527,0.1582214728338085,0.3030606328498672,0.15474687581849467,0.6969393671501328,0.8417785271661915,0.9130614881974147,0.8452531241815053
82,0.15874502908259913,0.27004683217640135,0.4789154748755068,0.2636607970642739,0.5210845251244932,0.7299531678235986,0.8412549709174009,0.7363392029357261
83,0.07674557893443468,0.13504258985984766,0.23742088700928832,0.132314958175202,0.7625791129907117,0.8649574101401524,0.9232544210655653,0.867685041824798
84,0.15102964135184338,0.2540237433564328,0.45303133597064504,0.249057480736815,0.546968664029355,0.7459762566435673,0.8489703586481566,0.750942519263185
85,0.315007666386248,0.5596304840273381,0.8636407991765234,0.5546730505093115,0.13635920082347663,0.44036951597266194,0.684992333613752,0.4453269494906885
86,0.4143225888499026,0.693601168543736,1.1089908228116798,0.6853882089130816,-0.10899082281167982,0.306398831456264,0.5856774111500974,0.3146117910869184
87,0.12504657753453152,0.237265324830955,0.45832344084414,0.23110667920756134,0.54167655915586,0.762734675169045,0.8749534224654685,0.7688933207924387
88,0.30667183769261774,0.5336143687821999,0.7917646558126622,0.5309279147278859,0.2082353441873378,0.4663856312178001,0.6933281623073823,0.4690720852721141
89,0.2137366010784928,0.3677963068736774,0.6633319954578731,0.3608169913153654,0.33666800454212686,0.6322036931263226,0.7862633989215072,0.6391830086846346
90,0.11209214931032596,0.19364618511039086,0.3219227239877468,0.19113860967107899,0.6780772760122532,0.8063538148896091,0.887907850689674,0.808861390328921
91,0.07694719575709807,0.13145431781126735,0.2242106057171851,0.12942937117983033,0.7757893942828149,0.8685456821887326,0.9230528042429019,0.8705706288201697
92,0.15069399624318902,0.2925123283880437,0.4885520510701009,0.29069980425016195,0.5114479489298991,0.7074876716119562,0.849306003756811,0.709300195749838
93,0.1593975374036396,0.31301794804036076,0.5314322245349341,0.308592950209689,0.4685677754650659,0.6869820519596392,0.8406024625963604,0.691407049790311
94,0.22626795785515974,0.3906025245346216,0.6378107102833876,0.38556136701120924,0.36218928971661235,0.6093974754653784,0.7737320421448403,0.6144386329887908
95,0.2544620280665084,0.43723689931910004,0.7020089526408505,0.432710093719744,0.2979910473591495,0.5627631006809,0.7455379719334916,0.567289906280256
96,0.2054165992293553,0.32638274003894957,0.6052538270926386,0.3192954173487915,0.39474617290736136,0.6736172599610504,0.7945834007706447,0.6807045826512085
97,0.16687507324436335,0.31212867123596544,0.5613064903444382,0.30461188528947425,0.43869350965556175,0.6878713287640346,0.8331249267556367,0.6953881147105258
98,0.20098523212607022,0.37473012456002297,0.6613633939919266,0.36951123276439457,0.33863660600807344,0.625269875439977,0.7990147678739298,0.6304887672356054
99,0.19056277484201767,0.34225660670353547,0.6061952029507001,0.33414727506008646,0.39380479704929994,0.6577433932964645,0.8094372251579823,0.6658527249399135
100,0.14298749793292365,0.3084407627201398,0.6132941648917171,0.3029709352667377,0.38670583510828294,0.6915592372798602,0.8570125020670764,0.6970290647332623
101,0.3223272503598399,0.6650222027721011,1.0235018447014066,0.6669994339016841,-0.023501844701406593,0.3349777972278989,0.6776727496401601,0.33300056609831585
102,0.351026062320291,0.6995679059201242,1.0162425170304603,0.7045125510817618,-0.016242517030460313,0.3004320940798758,0.648973937679709,0.2954874489182382
103,0.282988325422054,0.6179230761734847,1.0052393260349233,0.6109045097302441,-0.005239326034923275,0.38207692382651526,0.717011674577946,0.3890954902697559
104,0.3990673145098249,0.7202086790455481,1.0942255672254786,0.7219864432591951,-0.09422556722547859,0.2797913209544519,0.6009326854901751,0.27801355674080486
105,0.3822001910419026,0.6568796277379023,0.9726082325571687,0.6557598205042783,0.02739176744283134,0.3431203722620977,0.6177998089580974,0.3442401794957217
106,0.3546236321678947,0.6751570371033888,1.043075984809031,0.671124470622682,-0.043075984809030965,0.3248429628966112,0.6453763678321053,0.328875529377318
107,0.40415730750580336,0.7646354873629507,1.1840729471391582,0.7666094144284158,-0.18407294713915823,0.23536451263704927,0.5958426924941966,0.2333905855715842
108,0.40078956264773324,0.7185020741058149,1.116109919608892,0.7177787062723533,-0.11610991960889194,0.2814979258941851,0.5992104373522668,0.2822212937276467
109,0.33125108873397324,0.6523708210533564,1.0256963421342356,0.6465574264652341,-0.02569634213423555,0.3476291789466436,0.6687489112660268,0.35344257353476594
110,0.4156779222862762,0.7517519783341587,1.1952432447178127,0.747424249610028,-0.19524324471781274,0.24824802166584126,0.5843220777137238,0.25257575038997204
111,0.3323536973980049,0.7281167006934348,1.082424292376155,0.7282189518778464,-0.0824242923761549,0.2718832993065652,0.6676463026019951,0.27178104812215365
112,0.40643130123796267,0.7745654643833693,1.1577581912805133,0.7777019948485484,-0.15775819128051327,0.22543453561663074,0.5935686987620373,0.2222980051514516
113,0.3812182923692843,0.7013038583604427,1.0845628138264791,0.7028622766869,-0.08456281382647912,0.29869614163955727,0.6187817076307157,0.29713772331309996
114,0.45171710026559575,0.786266299367381,1.2761028238385488,0.7916500695648638,-0.2761028238385488,0.21373370063261898,0.5482828997344042,0.20834993043513617
115,0.44930237355783964,0.7630267618492855,1.0623035384274222,0.7643620736293738,-0.0623035384274222,0.23697323815071447,0.5506976264421604,0.2356379263706262
116,0.36779108684326056,0.6908107377373965,1.0709862581366785,0.6900805918187277,-0.07098625813667847,0.30918926226260346,0.6322089131567394,0.3099194081812723
117,0.455202266313793,0.77891168611783,1.13532406918954,0.7795840357303278,-0.1353240691895401,0.22108831388216998,0.544797733686207,0.22041596426967225
118,0.387462277222147,0.7437770871997281,1.1139129322874348,0.7448384864174289,-0.11391293228743482,0.2562229128002719,0.612537722777853,0.2551615135825711
119,0.4274367890223031,0.7778128965275102,1.1591710178450643,0.7749293959641044,-0.15917101784506427,0.22218710347248982,0.5725632109776969,0.22507060403589563
120,0.4926417066918879,0.8139479227672707,1.1640737311817766,0.8114843382258103,-0.1640737311817766,0.18605207723272932,0.5073582933081121,0.18851566177418966
121,0.444536180468204,0.8110201791272397,1.144937711323346,0.8115777162029121,-0.1449377113233461,0.18897982087276033,0.555463819531796,0.18842228379708792
122,0.49862047719973757,0.8156143296719601,1.1626772144515543,0.8183625593135698,-0.16267721445155425,0.18438567032803987,0.5013795228002624,0.18163744068643017
123,0.423825363519328,0.8091426985575003,1.1300121125648552,0.8087071305233522,-0.13001211256485523,0.19085730144249968,0.576174636480672,0.1912928694766478
124,0.40441230099284,0.7318469033730504,1.095775125737484,0.7229222793023409,-0.09577512573748392,0.26815309662694964,0.59558769900716,0.2770777206976591
125,0.399823635858813,0.6696085136448693,1.0701851127204307,0.662255246695665,-0.07018511272043071,0.3303914863551307,0.600176364141187,0.33774475330433495
126,0.3359153194443357,0.747084817128659,1.1998193022724055,0.746493392248321,-0.19981930227240552,0.25291518287134096,0.6640846805556643,0.253506607751679
127,0.3809501090299,0.6270454348430801,0.929967200825069,0.6204145912918047,0.07003279917493099,0.37295456515691994,0.6190498909701,0.37958540870819535
128,0.4935726418729979,0.8413084968847733,1.224265153626743,0.842609736018461,-0.22426515362674304,0.15869150311522673,0.5064273581270021,0.157390263981539
129,0.42628262635611147,0.7585340786197344,1.074943062390706,0.7612627184590859,-0.07494306239070592,0.24146592138026557,0.5737173736438885,0.23873728154091411
130,0.42414292061939307,0.721939634180629,1.0485113813715599,0.7246111323209816,-0.04851138137155986,0.278060365819371,0.5758570793806069,0.2753888676790184
131,0.48157263342570245,0.8010308014418251,1.114023237228815,0.8023139579168422,-0.11402323722881502,0.19896919855817485,0.5184273665742976,0.19768604208315776
132,0.617051591320106,0.8780166531950142,1.2585778553260123,0.8771292763068507,-0.2585778553260123,0.12198334680498579,0.382948408679894,0.12287072369314933
133,0.46004240086257975,0.8314431656079597,1.209671389848596,0.8314143640468804,-0.209671389848596,0.16855683439204028,0.5399575991374203,0.1685856359531196
134,0.4337899833627731,0.7379877295326127,1.067802779950008,0.7320287638454576,-0.06780277995000805,0.2620122704673873,0.5662100166372269,0.26797123615454244
135,0.47069172709942264,0.7986570231947554,1.1590991441362937,0.8008109134594169,-0.15909914413629367,0.2013429768052446,0.5293082729005774,0.1991890865405831
136,0.37826347167285224,0.6932839960337674,1.1052640069425799,0.6930252679468454,-0.10526400694257987,0.30671600396623255,0.6217365283271478,0.3069747320531546
137,0.4598242479546455,0.7636642500816401,1.1925460871680178,0.7599213897172387,-0.1925460871680178,0.23633574991835993,0.5401757520453545,0.24007861028276134
138,0.36405017718747756,0.6835741752503486,1.0902469939179555,0.6748026504051654,-0.09024699391795554,0.3164258247496514,0.6359498228125224,0.3251973495948346
139,0.42796824372554965,0.7752126998592141,1.1755627669778492,0.7760615755211573,-0.17556276697784923,0.22478730014078585,0.5720317562744504,0.2239384244788427
140,0.5221204958395429,0.8319704093943725,1.164831789499587,0.832695209653843,-0.164831789499587,0.1680295906056275,0.4778795041604571,0.16730479034615697
141,0.588422893397422,0.9067478667721984,1.2953645693596834,0.9061571580284515,-0.29536456935968336,0.09325213322780157,0.41157710660257796,0.09384284197154846
142,0.48125134645358414,0.7685254496890358,1.095925263693732,0.7670231241361676,-0.095925263693732,0.2314745503109642,0.5187486535464159,0.23297687586383242
143,0.41120554085663596,0.7588578976583686,1.0860815783010227,0.7579037305799639,-0.0860815783010227,0.24114210234163136,0.588794459143364,0.24209626942003615
144,0.44861177415057185,0.7950005223567249,1.2625357988967767,0.7957762212861336,-0.2625357988967767,0.20499947764327509,0.5513882258494281,0.20422377871386643
145,0.40729791323772724,0.7519089396236058,1.1842673709994989,0.7543321130359975,-0.18426737099949886,0.24809106037639417,0.5927020867622728,0.24566788696400255
146,0.5713302722933724,0.8895232532989334,1.249339986519371,0.8912980520156965,-0.24933998651937106,0.11047674670106655,0.4286697277066276,0.10870194798430355
147,0.4560453472626488,0.7656244149675947,1.150564139734237,0.7610891069757985,-0.150564139734237,0.2343755850324053,0.5439546527373512,0.23891089302420154
148,0.5089925438284277,0.8620260559064495,1.1562598357620903,0.8636766028249228,-0.15625983576209035,0.13797394409355046,0.49100745617157227,0.13632339717507724
149,0.4283716161446548,0.7433084896471398,1.1039765497859124,0.7422464894881847,-0.10397654978591242,0.2566915103528602,0.5716283838553452,0.2577535105118153
150,0.5059235377659264,0.7958234075146859,1.1244175889605832,0.7965005467793984,-0.12441758896058319,0.20417659248531406,0.49407646223407364,0.2034994532206016
151,0.5230899473377035,0.8358018245319025,1.145926609402076,0.836707519985953,-0.1459266094020759,0.16419817546809745,0.47691005266229647,0.16329248001404695
152,0.57295851795236,0.8644698173230139,1.2293456042673843,0.8672943314980328,-0.22934560426738426,0.13553018267698613,0.42704148204764003,0.1327056685019672
153,0.4875532755155243,0.8430629699223952,1.168637499453124,0.8467410299634259,-0.1686374994531239,0.15693703007760484,0.5124467244844757,0.15325897003657407
154,0.5026023732306514,0.8362707185441369,1.141940758015933,0.8371928078776019,-0.1419407580159331,0.16372928145586307,0.4973976267693486,0.16280719212239814
155,0.5073479056541725,0.8305553159014575,1.1832497359184777,0.8328549055836965,-0.1832497359184777,0.16944468409854252,0.49265209434582746,0.16714509441630354
156,0.4921795729259588,0.8197748056173504,1.1940835814028092,0.8233638435997244,-0.19408358140280924,0.1802251943826496,0.5078204270740412,0.17663615640027563
157,0.46514501279608766,0.8228355166475928,1.1466386850536534,0.8268176239250229,-0.1466386850536534,0.1771644833524072,0.5348549872039123,0.1731823760749771
158,0.5244812407437938,0.8552949412732224,1.221209223948834,0.8581119906346208,-0.2212092239488339,0.14470505872677764,0.47551875925620624,0.14188800936537915
159,0.5314171415494253,0.8443588170690516,1.2023191010141794,0.8459920501567425,-0.20231910101417938,0.15564118293094842,0.4685828584505747,0.1540079498432575
160,0.49555531404102326,0.8418316619230706,1.1975390143401086,0.8429696859232586,-0.19753901434010857,0.15816833807692943,0.5044446859589767,0.1570303140767414
161,0.5536451003486946,0.8613157458599426,1.2105323290376273,0.8635700752512911,-0.2105323290376273,0.13868425414005736,0.44635489965130537,0.13642992474870885
162,0.49489231466618544,0.8437924715825801,1.1480534237835494,0.8453973414646241,-0.14805342378354935,0.15620752841741992,0.5051076853338146,0.15460265853537591
163,0.5028765832651472,0.8689148668495301,1.2067468343231664,0.8690832285371513,-0.20674683432316643,0.13108513315046988,0.49712341673485283,0.13091677146284875
164,0.4943860426287028,0.8685601181744005,1.2226282503865373,0.8712350391235473,-0.22262825038653733,0.1314398818255995,0.5056139573712972,0.12876496087645273
165,0.539669223794389,0.8514190148149435,1.211166952160492,0.8494982189438742,-0.21116695216049197,0.14858098518505647,0.460330776205611,0.15050178105612577
166,0.5395584336913639,0.866992053736576,1.2482228524589503,0.8668088628690465,-0.24822285245895026,0.13300794626342405,0.4604415663086361,0.13319113713095354
167,0.5462988129963932,0.8557832148662545,1.240942200712725,0.8578845460879518,-0.2409422007127251,0.14421678513374547,0.45370118700360684,0.14211545391204816
168,0.5299212059024465,0.8455895048673655,1.2217994474113254,0.8459002201969634,-0.2217994474113254,0.1544104951326345,0.4700787940975535,0.15409977980303657
169,0.5083594822970614,0.8717511696888619,1.264146965415141,0.871640256832366,-0.26414696541514093,0.1282488303111381,0.4916405177029386,0.128359743167634
170,0.5111816663072115,0.8503285191787044,1.233570326110114,0.8494895729551467,-0.23357032611011408,0.14967148082129555,0.4888183336927885,0.1505104270448533
171,0.502273409558893,0.8397507494083453,1.2874561967320446,0.8408442886002538,-0.2874561967320446,0.16024925059165473,0.497726590441107,0.15915571139974616
172,0.5069086776076751,0.8400947713397863,1.2362790765333245,0.839217384290881,-0.23627907653332447,0.15990522866021373,0.4930913223923249,0.160782615709119
173,0.46623073138890414,0.8506569394182258,1.2748779706429099,0.8506546155441238,-0.27487797064290986,0.14934306058177416,0.5337692686110959,0.1493453844558762
174,0.49566316601346283,0.8648362598830557,1.2588592216603933,0.8669597101865845,-0.2588592216603933,0.13516374011694432,0.5043368339865372,0.13304028981341554
175,0.519816450813382,0.8656946279118088,1.2502088763606478,0.8690747941366819,-0.2502088763606478,0.13430537208819116,0.480183549186618,0.13092520586331813
176,0.5321791035150938,0.8696840096866159,1.1615907194251966,0.8756258769444659,-0.16159071942519665,0.13031599031338414,0.4678208964849062,0.12437412305553408
177,0.49367098084721184,0.8603302072089729,1.1951086379833566,0.8644934322104528,-0.19510863798335665,0.1396697927910271,0.5063290191527882,0.13550656778954717
178,0.538052910330547,0.879771112382704,1.2568998061791423,0.8808495328259907,-0.2568998061791423,0.120228887617296,0.46194708966945297,0.11915046717400934
179,0.4398248860339137,0.8580424721138644,1.2831536010425078,0.8596257160196464,-0.28315360104250775,0.14195752788613558,0.5601751139660863,0.14037428398035356
180,0.5134175746692962,0.8677002440209737,1.2661328918060464,0.8700578028634359,-0.2661328918060464,0.13229975597902632,0.48658242533070384,0.12994219713656407
181,0.5357545620806192,0.86995129651656,1.2887345757437363,0.8722164282653287,-0.2887345757437363,0.13004870348344,0.4642454379193808,0.12778357173467125
182,0.5197174503862052,0.8557427453774369,1.2687126580382206,0.8581882798011777,-0.26871265803822064,0.1442572546225631,0.4802825496137948,0.14181172019882227
183,0.5044362760615178,0.8495957165998871,1.3016896013314394,0.8535459832246124,-0.3016896013314394,0.15040428340011291,0.49556372393848225,0.1464540167753876
184,0.5007254842163911,0.8550969085014174,1.1955706020219798,0.8554065145940297,-0.19557060202197984,0.1449030914985826,0.49927451578360893,0.14459348540597028
185,0.524835472503001,0.8491267249290421,1.2002525979857175,0.8491191726235046,-0.20025259798571748,0.15087327507095794,0.475164527496999,0.15088082737649544
186,0.5118241842585562,0.8554800416864565,1.2452420190912907,0.8556960194649733,-0.24524201909129073,0.14451995831354347,0.48817581574144375,0.1443039805350267
187,0.5584764225705343,0.8691527657822724,1.217650506556581,0.8713281331637723,-0.21765050655658102,0.1308472342177276,0.4415235774294657,0.12867186683622767
188,0.510733096162484,0.8594316101721912,1.2743252094835522,0.8611947304233136,-0.2743252094835522,0.14056838982780884,0.48926690383751603,0.13880526957668637
189,0.5078741923177718,0.8655918569219553,1.2459961753725612,0.8676669244766051,-0.24599617537256124,0.13440814307804472,0.49212580768222824,0.1323330755233949
190,0.44735961629670384,0.8632506012794152,1.2356699089252612,0.8652421760763975,-0.23566990892526118,0.13674939872058478,0.5526403837032962,0.13475782392360247
191,0.44053755771062686,0.8480258402056482,1.2414026727802467,0.8492457429443496,-0.24140267278024674,0.1519741597943518,0.5594624422893731,0.15075425705565038
192,0.5705800542083932,0.8669472592502343,1.1798757440384162,0.8656732192918859,-0.17987574403841622,0.1330527407497657,0.4294199457916068,0.1343267807081141
193,0.5996874237028752,0.8696963344074868,1.3182457667118799,0.8711015323074358,-0.3182457667118799,0.13030366559251316,0.4003125762971248,0.1288984676925642
194,0.5367118419221675,0.8416604998681544,1.3035212269266219,0.8424176050471847,-0.30352122692662187,0.1583395001318456,0.4632881580778325,0.15758239495281534
195,0.51905763633963,0.8476909938020938,1.2441129643750115,0.8506779969473597,-0.2441129643750115,0.15230900619790622,0.48094236366037,0.14932200305264032
196,0.5374997684935396,0.8612202941003788,1.2571862344124913,0.8641995317793731,-0.25718623441249133,0.1387797058996212,0.46250023150646036,0.13580046822062686
197,0.5165453829316758,0.8494586349190468,1.2719912231366801,0.8494561818368389,-0.2719912231366801,0.15054136508095317,0.48345461706832416,0.1505438181631611
198,0.4332266778239029,0.8260709528797135,1.2647143205552094,0.823092439332672,-0.2647143205552094,0.17392904712028645,0.5667733221760971,0.17690756066732805
199,0.5377927320816805,0.8475677043073838,1.3039040643327566,0.846628201271121,-0.30390406433275663,0.15243229569261618,0.46220726791831945,0.15337179872887896
200,0.5182648261173444,0.8675204657670919,1.2700326132123678,0.8680760424598881,-0.2700326132123678,0.13247953423290815,0.48173517388265563,0.13192395754011188
